id,type,status,description
EARING,Lost Earring,Status Unknown (Lost by police),"Found at former residence of PF's mother."
TRUCKS,Paul Flores' Trucks,Seized/Analyzed,"Two trucks owned by PF were taken as evidence in 2020."
DRUGS,Date Rape Drugs,Seized,"Found during search of Paul Flores' San Pedro home."
BIOLOGICAL,Biological Evidence,Analyzed (Human Blood),"Found in soil samples under Ruben Flores' deck."
VOLKSWAGEN,1985 VW Cabriolet,Seized/Analyzed,"Towed from Ruben Flores' home after cadaver dog search."
VIDEOS,Homemade Videos,Seized/Analyzed,"Showing PF with other women, used to establish pattern."
